,Date,Month,Year,StewartPBMilk
0,2013-01-19,1,2013,0.0287162353578394
1,2013-01-26,1,2013,0.028484820407273587
2,2013-02-02,2,2013,0.02821483629828014
3,2013-02-09,2,2013,0.028216298191235466
4,2013-02-16,2,2013,0.028579688086789155
5,2013-02-23,2,2013,0.028943077982342844
6,2013-03-02,3,2013,0.029030152611163977
7,2013-03-09,3,2013,0.029071174695529684
8,2013-03-16,3,2013,0.028929802170256178
9,2013-03-23,3,2013,0.028545236832130387
10,2013-03-30,3,2013,0.0281606714940046
11,2013-04-06,4,2013,0.029219733137861678
12,2013-04-13,4,2013,0.030278794781718757
13,2013-04-20,4,2013,0.030620946665469776
14,2013-04-27,4,2013,0.03000721886907939
15,2013-05-04,5,2013,0.029393491072689
16,2013-05-11,5,2013,0.029293099802707046
17,2013-05-18,5,2013,0.02919270853272509
18,2013-05-25,5,2013,0.02907575603580306
19,2013-06-01,6,2013,0.02893672190296093
20,2013-06-08,6,2013,0.0287976877701188
21,2013-06-15,6,2013,0.029035134818711276
22,2013-06-22,6,2013,0.029272581867303755
23,2013-06-29,6,2013,0.029334646302064636
24,2013-07-06,7,2013,0.029265173776451818
25,2013-07-13,7,2013,0.029195701250839
26,2013-07-20,7,2013,0.028843873406751083
27,2013-07-27,7,2013,0.028492045562663163
28,2013-08-03,8,2013,0.028982038993833083
29,2013-08-10,8,2013,0.030103398381446378
30,2013-08-17,8,2013,0.030992801435574993
31,2013-08-24,8,2013,0.030490466488795557
32,2013-08-31,8,2013,0.029988131542016117
33,2013-09-07,9,2013,0.029945943442921053
34,2013-09-14,9,2013,0.03024886547958927
35,2013-09-21,9,2013,0.030502681275200772
36,2013-09-28,9,2013,0.030461859624471965
37,2013-10-05,10,2013,0.030421037973743157
38,2013-10-12,10,2013,0.030172030464428
39,2013-10-19,10,2013,0.029839748611678298
40,2013-10-26,10,2013,0.029490644119864087
41,2013-11-02,11,2013,0.029040603793662807
42,2013-11-09,11,2013,0.028590563467461524
43,2013-11-16,11,2013,0.027694600718827882
44,2013-11-23,11,2013,0.0266202690012213
45,2013-11-30,11,2013,0.025719303895626964
46,2013-12-07,12,2013,0.025858538462106118
47,2013-12-14,12,2013,0.025997773028585268
48,2013-12-21,12,2013,0.025346517861398757
49,2013-12-28,12,2013,0.024379066800745974
50,2014-01-04,1,2014,0.02620129207096622
51,2014-01-11,1,2014,0.0317430857823505
52,2014-01-18,1,2014,0.035924593560349466
53,2014-01-25,1,2014,0.036705386504885154
54,2014-02-01,2,2014,0.037486179449420835
55,2014-02-08,2,2014,0.03697858709652895
56,2014-02-15,2,2014,0.035955640624666045
57,2014-02-22,2,2014,0.03544363130829287
58,2014-03-01,3,2014,0.036208964880644
59,2014-03-08,3,2014,0.03697429845299513
60,2014-03-15,3,2014,0.0369884274336581
61,2014-03-22,3,2014,0.0367020745776458
62,2014-03-29,3,2014,0.036177205693643785
63,2014-04-05,4,2014,0.03505604673966747
64,2014-04-12,4,2014,0.033934887785691155
65,2014-04-19,4,2014,0.03415245372638846
66,2014-04-26,4,2014,0.03459314048286471
67,2014-05-03,5,2014,0.03496172839678655
68,2014-05-10,5,2014,0.03515006920432239
69,2014-05-17,5,2014,0.03533841001185822
70,2014-05-24,5,2014,0.03528823479140442
71,2014-05-31,5,2014,0.03519830689961902
72,2014-06-07,6,2014,0.035262905388218684
73,2014-06-14,6,2014,0.03553353905066511
74,2014-06-21,6,2014,0.03580417271311154
75,2014-06-28,6,2014,0.0350502055308187
76,2014-07-05,7,2014,0.034125471541069326
77,2014-07-12,7,2014,0.03351642052954157
78,2014-07-19,7,2014,0.03332828015564263
79,2014-07-26,7,2014,0.0331401397817437
80,2014-08-02,8,2014,0.033890013981910286
81,2014-08-09,8,2014,0.03463988818207687
82,2014-08-16,8,2014,0.03466505798069989
83,2014-08-23,8,2014,0.03372395524393149
84,2014-08-30,8,2014,0.0327828525071631
85,2014-09-06,9,2014,0.03365640168480589
86,2014-09-13,9,2014,0.03452995086244867
87,2014-09-20,9,2014,0.03481520186370541
88,2014-09-27,9,2014,0.034316055296447406
89,2014-10-04,10,2014,0.0338169087291894
90,2014-10-11,10,2014,0.0332359184268368
91,2014-10-18,10,2014,0.0326549281244842
92,2014-10-25,10,2014,0.03240156940240464
93,2014-11-01,11,2014,0.032393934365529876
94,2014-11-08,11,2014,0.0323862993286551
95,2014-11-15,11,2014,0.031068715410451978
96,2014-11-22,11,2014,0.029751131492248853
97,2014-11-29,11,2014,0.029181833152052694
98,2014-12-06,12,2014,0.029173748995361758
99,2014-12-13,12,2014,0.029037620531633276
100,2014-12-20,12,2014,0.02813322622567952
101,2014-12-27,12,2014,0.027228831919725766
102,2015-01-03,1,2015,0.029390209369569487
103,2015-01-10,1,2015,0.03385091563626132
104,2015-01-17,1,2015,0.03764236868664601
105,2015-01-24,1,2015,0.03741830243918789
106,2015-01-31,1,2015,0.03719423619172977
107,2015-02-07,2,2015,0.0375893274772825
108,2015-02-14,2,2015,0.03844878691259336
109,2015-02-21,2,2015,0.03929421599331659
110,2015-02-28,2,2015,0.040055462946514006
111,2015-03-07,3,2015,0.04081670989971142
112,2015-03-14,3,2015,0.04013432032646726
113,2015-03-21,3,2015,0.03887447614264646
114,2015-03-28,3,2015,0.037781762857687855
115,2015-04-04,4,2015,0.037691834965902365
116,2015-04-11,4,2015,0.037601907074116876
117,2015-04-18,4,2015,0.0379095058956476
118,2015-04-25,4,2015,0.038376115402504796
119,2015-05-02,5,2015,0.03843779169593697
120,2015-05-09,5,2015,0.03748713495580655
121,2015-05-16,5,2015,0.036536478215676134
122,2015-05-23,5,2015,0.03646954292538836
123,2015-05-30,5,2015,0.03675609621503764
124,2015-06-06,6,2015,0.03682284061614737
125,2015-06-13,6,2015,0.036340062795908214
126,2015-06-20,6,2015,0.03585728497566906
127,2015-06-27,6,2015,0.03596728486452787
128,2015-07-04,7,2015,0.03617608103823633
129,2015-07-11,7,2015,0.036416447100510105
130,2015-07-18,7,2015,0.03673573788419718
131,2015-07-25,7,2015,0.037055028667884245
132,2015-08-01,8,2015,0.03704109375788567
133,2015-08-08,8,2015,0.036971621232272815
134,2015-08-15,8,2015,0.03672794006127337
135,2015-08-22,8,2015,0.03604873727680744
136,2015-08-29,8,2015,0.03536953449234152
137,2015-09-05,9,2015,0.035363788728081776
138,2015-09-12,9,2015,0.035470285800523055
139,2015-09-19,9,2015,0.03501108438451783
140,2015-09-26,9,2015,0.03379761831725061
141,2015-10-03,10,2015,0.03258415224998339
142,2015-10-10,10,2015,0.03233371890455762
143,2015-10-17,10,2015,0.03224379101277209
144,2015-10-24,10,2015,0.03202057475240412
145,2015-10-31,10,2015,0.03161964066725956
146,2015-11-07,11,2015,0.031218706582115
147,2015-11-14,11,2015,0.03019075298106195
148,2015-11-21,11,2015,0.029162799380008902
149,2015-11-28,11,2015,0.02888761566190416
150,2015-12-05,12,2015,0.02961612512106383
151,2015-12-12,12,2015,0.0303446345802235
152,2015-12-19,12,2015,0.02896157567394476
153,2015-12-26,12,2015,0.02757851676766602
154,2016-01-02,1,2016,0.0290485532674337
155,2016-01-09,1,2016,0.0326584113217362
156,2016-01-16,1,2016,0.0362682693760387
157,2016-01-23,1,2016,0.0360964977491587
158,2016-01-30,1,2016,0.0359247261222787
159,2016-02-06,2,2016,0.03587324861343228
160,2016-02-13,2,2016,0.03591199169311104
161,2016-02-20,2,2016,0.0359507347727898
162,2016-02-27,2,2016,0.03681019420810058
163,2016-03-05,3,2016,0.03766965364341137
164,2016-03-12,3,2016,0.037322502584186006
165,2016-03-19,3,2016,0.03607039365405854
166,2016-03-26,3,2016,0.03509986535049179
167,2016-04-02,4,2016,0.03581882080628931
168,2016-04-09,4,2016,0.03653777626208683
169,2016-04-16,4,2016,0.03680386623184775
170,2016-04-23,4,2016,0.03673030708708119
171,2016-04-30,4,2016,0.03666142472717718
172,2016-05-07,5,2016,0.03662060307644841
173,2016-05-14,5,2016,0.036579781425719646
174,2016-05-21,5,2016,0.03633077391640453
175,2016-05-28,5,2016,0.035998492063654866
176,2016-06-04,6,2016,0.03570784738262247
177,2016-06-11,6,2016,0.03566702573189367
178,2016-06-18,6,2016,0.03562620408116486
179,2016-06-25,6,2016,0.03543338692240341
180,2016-07-02,7,2016,0.035179771560428896
181,2016-07-09,7,2016,0.034793255971200636
182,2016-07-16,7,2016,0.034074489813837996
183,2016-07-23,7,2016,0.033355723656475364
184,2016-07-30,7,2016,0.033460270477814164
185,2016-08-06,8,2016,0.033894142490633536
186,2016-08-13,8,2016,0.034325544609587866
187,2016-08-20,8,2016,0.0347507719938796
188,2016-08-27,8,2016,0.035175999378171334
189,2016-09-03,9,2016,0.035046187313620455
190,2016-09-10,9,2016,0.034694359469532546
191,2016-09-17,9,2016,0.03431914770113192
192,2016-09-24,9,2016,0.03388547612194953
193,2016-10-01,10,2016,0.03345180454276714
194,2016-10-08,10,2016,0.03293277686761383
195,2016-10-15,10,2016,0.03239952317646537
196,2016-10-22,10,2016,0.03205373220263368
197,2016-10-29,10,2016,0.032176598022093945
198,2016-11-05,11,2016,0.03229946384155421
199,2016-11-12,11,2016,0.03101929420225144
200,2016-11-19,11,2016,0.029505285319821505
201,2016-11-26,11,2016,0.028835628585001882
202,2016-12-03,12,2016,0.029291774713662677
203,2016-12-10,12,2016,0.029747920842323472
204,2016-12-17,12,2016,0.0286145675368732
205,2016-12-24,12,2016,0.027216297659071083
206,2016-12-31,12,2016,0.027949986199180387
207,2017-01-07,1,2017,0.03401357078406824
208,2017-01-14,1,2017,0.0392530051008953
209,2017-01-21,1,2017,0.03954753780935756
210,2017-01-28,1,2017,0.03984207051781982
211,2017-02-04,2,2017,0.03984556120631585
212,2017-02-11,2,2017,0.03946099586819022
213,2017-02-18,2,2017,0.0390764305300646
214,2017-02-25,2,2017,0.03960987351964791
215,2017-03-04,3,2017,0.040143316509231225
216,2017-03-11,3,2017,0.04045169161341936
217,2017-03-18,3,2017,0.040459976203747285
218,2017-03-25,3,2017,0.0404682607940752
219,2017-04-01,4,2017,0.03962537053942025
220,2017-04-08,4,2017,0.03878248028476531
221,2017-04-15,4,2017,0.03838154301813439
222,2017-04-22,4,2017,0.03831207049252149
223,2017-04-29,4,2017,0.0382425979669086
224,2017-05-06,5,2017,0.037858032628782894
225,2017-05-13,5,2017,0.03747346729065719
226,2017-05-20,5,2017,0.03731338762593355
227,2017-05-27,5,2017,0.03732167221626147
228,2017-06-03,6,2017,0.03725921964017185
229,2017-06-10,6,2017,0.036772344065577
230,2017-06-17,6,2017,0.036285468490982145
231,2017-06-24,6,2017,0.03618443084903338
232,2017-07-01,7,2017,0.03637277165656918
233,2017-07-08,7,2017,0.03653090743316282
234,2017-07-15,7,2017,0.03650781302410353
235,2017-07-22,7,2017,0.03648471861504425
236,2017-07-29,7,2017,0.03696594068848217
237,2017-08-05,8,2017,0.03782540012379299
238,2017-08-12,8,2017,0.038486096202445724
239,2017-08-19,8,2017,0.03795421214114989
240,2017-08-26,8,2017,0.03742232807985406
241,2017-09-02,9,2017,0.036988847389849686
242,2017-09-09,9,2017,0.036594728048361905
243,2017-09-16,9,2017,0.036269786945004164
244,2017-09-23,9,2017,0.036359915270426674
245,2017-09-30,9,2017,0.036450043595849184
246,2017-10-07,10,2017,0.03657524780774069
247,2017-10-14,10,2017,0.03671448237421981
248,2017-10-21,10,2017,0.036493732826230564
249,2017-10-28,10,2017,0.03537302299207045
250,2017-11-04,11,2017,0.03425231315791034
251,2017-11-11,11,2017,0.03325989410760145
252,2017-11-18,11,2017,0.03231879137083306
253,2017-11-25,11,2017,0.031873427829494275
254,2017-12-02,12,2017,0.03266741227672952
255,2017-12-09,12,2017,0.03346139672396477
256,2017-12-16,12,2017,0.03195050887959619
257,2017-12-23,12,2017,0.030055475653293643
258,2017-12-30,12,2017,0.0289725995239779
259,2018-01-06,1,2018,0.0289725995239779
